{
	"SpatialRef": "sub-ident06/func/sub-ident06_task-famvisual_run-01_echo-1_sbref.nii.gz",
	"TaskName": "famvisual",
	"RepetitionTime": 2,
	"EchoTime": 0.0144,
	"SliceTiming": [0,0.125,0.2475,0.3725,0.495,0.62,0.7425,0.8675,0.99,1.115,1.2375,1.3625,1.485,1.61,1.7325,1.8575,1.98,2.105,2.2275,2.3525,2.475,2.6,2.7225,2.8475,2.97,3.095,3.2175,3.3425,3.465,3.59,3.7125,3.8375,3.96,4.085,4.2075,4.3325,4.455,4.58,4.7025,4.8275,4.95,5.075,5.1975,5.3225,5.445,5.57,5.6925,5.8175],
	"PhaseEncodingDirection": "j-",
	"EffectiveEchoSpacing": 0.000255002,
	"TotalReadoutTime": 0.0211652,
	"DwellTime": 2.5e-06
}