{
	"SpatialRef": "sub-ident06/func/sub-ident06_task-famvisual_run-01_echo-3_sbref.nii.gz",
	"TaskName": "famvisual",
	"RepetitionTime": 2,
	"EchoTime": 0.05338,
	"SliceTiming": [0,0.125,0.2475,0.3725,0.495,0.62,0.7425,0.8675,0.99,1.115,1.2375,1.3625,1.485,1.61,1.7325,1.855,1.98,2.1025,2.2275,2.35,2.475,2.5975,2.7225,2.845,2.97,3.0925,3.2175,3.34,3.465,3.5875,3.7125,3.835,3.96,4.0825,4.2075,4.33,4.455,4.5775,4.7025,4.825,4.95,5.0725,5.1975,5.32,5.445,5.5675,5.6925,5.815],
	"PhaseEncodingDirection": "j-",
	"EffectiveEchoSpacing": 0.000255002,
	"TotalReadoutTime": 0.0211652,
	"DwellTime": 2.5e-06
}